runIndex,n,repetition,status,rounds,multicasts,minMs,avgMs,maxMs,durationSeconds,seed,logPath
0,2,1,ok,5,1,0.076,1.207,5.627,0.078,2026,C:\Users\valen\IdeaProjects\2026S-DS\results\sim4da-firework-20260531-110613\run0-n2.log
1,2,2,ok,5,1,0.081,1.197,5.542,0.094,2027,C:\Users\valen\IdeaProjects\2026S-DS\results\sim4da-firework-20260531-110613\run1-n2.log
2,2,3,ok,7,2,0.075,0.798,4.994,0.078,2028,C:\Users\valen\IdeaProjects\2026S-DS\results\sim4da-firework-20260531-110613\run2-n2.log
3,2,4,ok,7,3,0.083,0.798,4.993,0.078,2029,C:\Users\valen\IdeaProjects\2026S-DS\results\sim4da-firework-20260531-110613\run3-n2.log
4,2,5,ok,6,1,0.081,0.947,5.172,0.094,2030,C:\Users\valen\IdeaProjects\2026S-DS\results\sim4da-firework-20260531-110613\run4-n2.log
5,2,6,ok,5,1,0.075,1.073,4.962,0.078,2031,C:\Users\valen\IdeaProjects\2026S-DS\results\sim4da-firework-20260531-110613\run5-n2.log
6,2,7,ok,5,1,0.085,1.074,4.956,0.078,2032,C:\Users\valen\IdeaProjects\2026S-DS\results\sim4da-firework-20260531-110613\run6-n2.log
7,2,8,ok,6,1,0.08,0.9,4.89,0.079,2033,C:\Users\valen\IdeaProjects\2026S-DS\results\sim4da-firework-20260531-110613\run7-n2.log
8,2,9,ok,6,1,0.082,0.97,5.324,0.078,2034,C:\Users\valen\IdeaProjects\2026S-DS\results\sim4da-firework-20260531-110613\run8-n2.log
9,2,10,ok,3,0,0.085,1.756,5.088,0.093,2035,C:\Users\valen\IdeaProjects\2026S-DS\results\sim4da-firework-20260531-110613\run9-n2.log
10,4,1,ok,6,1,0.147,1.034,5.12,0.079,2036,C:\Users\valen\IdeaProjects\2026S-DS\results\sim4da-firework-20260531-110613\run10-n4.log
11,4,2,ok,6,1,0.17,1.129,5.764,0.093,2037,C:\Users\valen\IdeaProjects\2026S-DS\results\sim4da-firework-20260531-110613\run11-n4.log
12,4,3,ok,3,0,0.161,2.19,6.211,0.078,2038,C:\Users\valen\IdeaProjects\2026S-DS\results\sim4da-firework-20260531-110613\run12-n4.log
13,4,4,ok,8,3,0.161,0.989,6.386,0.094,2039,C:\Users\valen\IdeaProjects\2026S-DS\results\sim4da-firework-20260531-110613\run13-n4.log
14,4,5,ok,8,3,0.162,1.008,6.531,0.11,2040,C:\Users\valen\IdeaProjects\2026S-DS\results\sim4da-firework-20260531-110613\run14-n4.log
15,4,6,ok,8,5,0.136,0.855,5.467,0.078,2041,C:\Users\valen\IdeaProjects\2026S-DS\results\sim4da-firework-20260531-110613\run15-n4.log
16,4,7,ok,7,4,0.158,0.985,5.707,0.093,2042,C:\Users\valen\IdeaProjects\2026S-DS\results\sim4da-firework-20260531-110613\run16-n4.log
17,4,8,ok,6,2,0.175,1.122,5.675,0.079,2043,C:\Users\valen\IdeaProjects\2026S-DS\results\sim4da-firework-20260531-110613\run17-n4.log
18,4,9,ok,6,2,0.192,1.062,5.201,0.093,2044,C:\Users\valen\IdeaProjects\2026S-DS\results\sim4da-firework-20260531-110613\run18-n4.log
19,4,10,ok,5,1,0.16,1.259,5.454,0.078,2045,C:\Users\valen\IdeaProjects\2026S-DS\results\sim4da-firework-20260531-110613\run19-n4.log
20,8,1,ok,6,3,0.346,1.355,5.949,0.094,2046,C:\Users\valen\IdeaProjects\2026S-DS\results\sim4da-firework-20260531-110613\run20-n8.log
21,8,2,ok,10,5,0.331,0.959,5.987,0.078,2047,C:\Users\valen\IdeaProjects\2026S-DS\results\sim4da-firework-20260531-110613\run21-n8.log
22,8,3,ok,10,5,0.339,0.93,5.593,0.094,2048,C:\Users\valen\IdeaProjects\2026S-DS\results\sim4da-firework-20260531-110613\run22-n8.log
23,8,4,ok,10,4,0.329,0.951,5.697,0.094,2049,C:\Users\valen\IdeaProjects\2026S-DS\results\sim4da-firework-20260531-110613\run23-n8.log
24,8,5,ok,10,3,0.309,0.879,5.403,0.078,2050,C:\Users\valen\IdeaProjects\2026S-DS\results\sim4da-firework-20260531-110613\run24-n8.log
25,8,6,ok,10,5,0.295,0.891,5.685,0.094,2051,C:\Users\valen\IdeaProjects\2026S-DS\results\sim4da-firework-20260531-110613\run25-n8.log
26,8,7,ok,7,4,0.338,1.246,6.213,0.078,2052,C:\Users\valen\IdeaProjects\2026S-DS\results\sim4da-firework-20260531-110613\run26-n8.log
27,8,8,ok,7,5,0.356,1.141,5.479,0.094,2053,C:\Users\valen\IdeaProjects\2026S-DS\results\sim4da-firework-20260531-110613\run27-n8.log
28,8,9,ok,7,7,0.361,1.163,5.346,0.078,2054,C:\Users\valen\IdeaProjects\2026S-DS\results\sim4da-firework-20260531-110613\run28-n8.log
29,8,10,ok,6,6,0.332,1.403,6.102,0.093,2055,C:\Users\valen\IdeaProjects\2026S-DS\results\sim4da-firework-20260531-110613\run29-n8.log
30,16,1,ok,7,11,0.606,1.556,5.753,0.079,2056,C:\Users\valen\IdeaProjects\2026S-DS\results\sim4da-firework-20260531-110613\run30-n16.log
31,16,2,ok,7,12,0.652,1.596,5.797,0.078,2057,C:\Users\valen\IdeaProjects\2026S-DS\results\sim4da-firework-20260531-110613\run31-n16.log
32,16,3,ok,7,12,0.717,1.71,6.251,0.094,2058,C:\Users\valen\IdeaProjects\2026S-DS\results\sim4da-firework-20260531-110613\run32-n16.log
33,16,4,ok,7,10,0.662,1.543,5.598,0.094,2059,C:\Users\valen\IdeaProjects\2026S-DS\results\sim4da-firework-20260531-110613\run33-n16.log
34,16,5,ok,7,9,0.657,1.591,5.999,0.078,2060,C:\Users\valen\IdeaProjects\2026S-DS\results\sim4da-firework-20260531-110613\run34-n16.log
35,16,6,ok,7,8,0.687,1.618,6.357,0.094,2061,C:\Users\valen\IdeaProjects\2026S-DS\results\sim4da-firework-20260531-110613\run35-n16.log
36,16,7,ok,7,6,0.64,1.503,5.851,0.093,2062,C:\Users\valen\IdeaProjects\2026S-DS\results\sim4da-firework-20260531-110613\run36-n16.log
37,16,8,ok,7,6,0.67,1.556,5.747,0.079,2063,C:\Users\valen\IdeaProjects\2026S-DS\results\sim4da-firework-20260531-110613\run37-n16.log
38,16,9,ok,7,6,0.581,1.576,6.177,0.093,2064,C:\Users\valen\IdeaProjects\2026S-DS\results\sim4da-firework-20260531-110613\run38-n16.log
39,16,10,ok,7,6,0.662,1.649,6.296,0.094,2065,C:\Users\valen\IdeaProjects\2026S-DS\results\sim4da-firework-20260531-110613\run39-n16.log
40,32,1,ok,9,12,0.857,1.937,6.736,0.094,2066,C:\Users\valen\IdeaProjects\2026S-DS\results\sim4da-firework-20260531-110613\run40-n32.log
41,32,2,ok,9,12,0.772,2.048,7.409,0.094,2067,C:\Users\valen\IdeaProjects\2026S-DS\results\sim4da-firework-20260531-110613\run41-n32.log
42,32,3,ok,9,11,0.97,1.951,6.91,0.093,2068,C:\Users\valen\IdeaProjects\2026S-DS\results\sim4da-firework-20260531-110613\run42-n32.log
43,32,4,ok,9,11,0.897,1.937,6.757,0.11,2069,C:\Users\valen\IdeaProjects\2026S-DS\results\sim4da-firework-20260531-110613\run43-n32.log
44,32,5,ok,9,10,0.886,1.975,7.124,0.093,2070,C:\Users\valen\IdeaProjects\2026S-DS\results\sim4da-firework-20260531-110613\run44-n32.log
45,32,6,ok,9,11,0.919,1.945,6.656,0.094,2071,C:\Users\valen\IdeaProjects\2026S-DS\results\sim4da-firework-20260531-110613\run45-n32.log
46,32,7,ok,9,12,0.923,1.964,6.767,0.094,2072,C:\Users\valen\IdeaProjects\2026S-DS\results\sim4da-firework-20260531-110613\run46-n32.log
47,32,8,ok,9,12,0.905,2.048,7.384,0.094,2073,C:\Users\valen\IdeaProjects\2026S-DS\results\sim4da-firework-20260531-110613\run47-n32.log
48,32,9,ok,9,12,0.714,1.934,6.911,0.093,2074,C:\Users\valen\IdeaProjects\2026S-DS\results\sim4da-firework-20260531-110613\run48-n32.log
49,32,10,ok,9,12,0.853,1.917,6.644,0.11,2075,C:\Users\valen\IdeaProjects\2026S-DS\results\sim4da-firework-20260531-110613\run49-n32.log
50,64,1,ok,9,28,0.839,2.955,8.465,0.109,2076,C:\Users\valen\IdeaProjects\2026S-DS\results\sim4da-firework-20260531-110613\run50-n64.log
51,64,2,ok,9,29,0.618,2.738,7.955,0.094,2077,C:\Users\valen\IdeaProjects\2026S-DS\results\sim4da-firework-20260531-110613\run51-n64.log
52,64,3,ok,9,29,0.979,2.78,8.186,0.109,2078,C:\Users\valen\IdeaProjects\2026S-DS\results\sim4da-firework-20260531-110613\run52-n64.log
53,64,4,ok,9,29,1.009,2.816,8.373,0.11,2079,C:\Users\valen\IdeaProjects\2026S-DS\results\sim4da-firework-20260531-110613\run53-n64.log
54,64,5,ok,9,29,0.849,2.826,8.06,0.093,2080,C:\Users\valen\IdeaProjects\2026S-DS\results\sim4da-firework-20260531-110613\run54-n64.log
55,64,6,ok,9,29,1.034,2.772,7.925,0.11,2081,C:\Users\valen\IdeaProjects\2026S-DS\results\sim4da-firework-20260531-110613\run55-n64.log
56,64,7,ok,9,29,0.959,2.804,8.094,0.109,2082,C:\Users\valen\IdeaProjects\2026S-DS\results\sim4da-firework-20260531-110613\run56-n64.log
57,64,8,ok,9,28,1.015,2.732,7.949,0.094,2083,C:\Users\valen\IdeaProjects\2026S-DS\results\sim4da-firework-20260531-110613\run57-n64.log
58,64,9,ok,9,29,0.929,2.852,8.283,0.109,2084,C:\Users\valen\IdeaProjects\2026S-DS\results\sim4da-firework-20260531-110613\run58-n64.log
59,64,10,ok,9,28,1.021,2.887,8.17,0.11,2085,C:\Users\valen\IdeaProjects\2026S-DS\results\sim4da-firework-20260531-110613\run59-n64.log
60,128,1,ok,13,60,0.69,4.53,20.323,0.156,2086,C:\Users\valen\IdeaProjects\2026S-DS\results\sim4da-firework-20260531-110613\run60-n128.log
61,128,2,ok,13,60,0.668,3.154,12.4,0.125,2087,C:\Users\valen\IdeaProjects\2026S-DS\results\sim4da-firework-20260531-110613\run61-n128.log
62,128,3,ok,13,61,0.65,3.459,14.562,0.141,2088,C:\Users\valen\IdeaProjects\2026S-DS\results\sim4da-firework-20260531-110613\run62-n128.log
63,128,4,ok,13,62,0.589,3.218,14.581,0.125,2089,C:\Users\valen\IdeaProjects\2026S-DS\results\sim4da-firework-20260531-110613\run63-n128.log
64,128,5,ok,13,62,0.849,3.964,16.904,0.125,2090,C:\Users\valen\IdeaProjects\2026S-DS\results\sim4da-firework-20260531-110613\run64-n128.log
65,128,6,ok,13,63,0.64,3.184,13.213,0.125,2091,C:\Users\valen\IdeaProjects\2026S-DS\results\sim4da-firework-20260531-110613\run65-n128.log
66,128,7,ok,13,63,0.586,3.395,14.088,0.14,2092,C:\Users\valen\IdeaProjects\2026S-DS\results\sim4da-firework-20260531-110613\run66-n128.log
67,128,8,ok,13,63,0.62,3.006,12.806,0.125,2093,C:\Users\valen\IdeaProjects\2026S-DS\results\sim4da-firework-20260531-110613\run67-n128.log
68,128,9,ok,13,63,0.708,3.416,15.962,0.125,2094,C:\Users\valen\IdeaProjects\2026S-DS\results\sim4da-firework-20260531-110613\run68-n128.log
69,128,10,ok,13,62,0.612,3.26,13.544,0.125,2095,C:\Users\valen\IdeaProjects\2026S-DS\results\sim4da-firework-20260531-110613\run69-n128.log
70,256,1,ok,13,129,0.471,9.134,40.82,0.235,2096,C:\Users\valen\IdeaProjects\2026S-DS\results\sim4da-firework-20260531-110613\run70-n256.log
71,256,2,ok,13,128,0.628,6.889,34.716,0.171,2097,C:\Users\valen\IdeaProjects\2026S-DS\results\sim4da-firework-20260531-110613\run71-n256.log
72,256,3,ok,13,128,0.898,6.321,30.433,0.188,2098,C:\Users\valen\IdeaProjects\2026S-DS\results\sim4da-firework-20260531-110613\run72-n256.log
73,256,4,ok,13,128,0.607,6.096,39.841,0.156,2099,C:\Users\valen\IdeaProjects\2026S-DS\results\sim4da-firework-20260531-110613\run73-n256.log
74,256,5,ok,13,129,1.124,6.536,30.482,0.172,2100,C:\Users\valen\IdeaProjects\2026S-DS\results\sim4da-firework-20260531-110613\run74-n256.log
75,256,6,ok,13,130,0.948,7.358,34.667,0.188,2101,C:\Users\valen\IdeaProjects\2026S-DS\results\sim4da-firework-20260531-110613\run75-n256.log
76,256,7,ok,13,131,0.613,6.11,33.878,0.156,2102,C:\Users\valen\IdeaProjects\2026S-DS\results\sim4da-firework-20260531-110613\run76-n256.log
77,256,8,ok,13,130,0.804,6.162,29.886,0.172,2103,C:\Users\valen\IdeaProjects\2026S-DS\results\sim4da-firework-20260531-110613\run77-n256.log
78,256,9,ok,13,130,1.075,6.827,32.389,0.172,2104,C:\Users\valen\IdeaProjects\2026S-DS\results\sim4da-firework-20260531-110613\run78-n256.log
79,256,10,ok,13,129,0.78,6.471,31.41,0.171,2105,C:\Users\valen\IdeaProjects\2026S-DS\results\sim4da-firework-20260531-110613\run79-n256.log
80,512,1,ok,13,262,0.918,10.369,79.584,0.219,2106,C:\Users\valen\IdeaProjects\2026S-DS\results\sim4da-firework-20260531-110613\run80-n512.log
81,512,2,ok,13,262,1.0,10.67,83.623,0.235,2107,C:\Users\valen\IdeaProjects\2026S-DS\results\sim4da-firework-20260531-110613\run81-n512.log
82,512,3,ok,13,262,1.223,11.258,86.921,0.25,2108,C:\Users\valen\IdeaProjects\2026S-DS\results\sim4da-firework-20260531-110613\run82-n512.log
83,512,4,ok,13,262,1.116,10.935,85.995,0.234,2109,C:\Users\valen\IdeaProjects\2026S-DS\results\sim4da-firework-20260531-110613\run83-n512.log
84,512,5,ok,13,262,0.929,9.197,62.615,0.203,2110,C:\Users\valen\IdeaProjects\2026S-DS\results\sim4da-firework-20260531-110613\run84-n512.log
85,512,6,ok,13,263,0.989,10.323,74.919,0.234,2111,C:\Users\valen\IdeaProjects\2026S-DS\results\sim4da-firework-20260531-110613\run85-n512.log
86,512,7,ok,13,263,1.017,10.947,77.959,0.219,2112,C:\Users\valen\IdeaProjects\2026S-DS\results\sim4da-firework-20260531-110613\run86-n512.log
87,512,8,ok,13,264,1.114,11.252,82.838,0.25,2113,C:\Users\valen\IdeaProjects\2026S-DS\results\sim4da-firework-20260531-110613\run87-n512.log
88,512,9,ok,13,264,1.053,12.031,90.942,0.266,2114,C:\Users\valen\IdeaProjects\2026S-DS\results\sim4da-firework-20260531-110613\run88-n512.log
89,512,10,ok,13,264,1.007,10.887,82.799,0.234,2115,C:\Users\valen\IdeaProjects\2026S-DS\results\sim4da-firework-20260531-110613\run89-n512.log
90,1024,1,ok,16,527,1.397,16.33,142.589,0.36,2116,C:\Users\valen\IdeaProjects\2026S-DS\results\sim4da-firework-20260531-110613\run90-n1024.log
91,1024,2,ok,16,528,0.953,18.756,177.643,0.468,2117,C:\Users\valen\IdeaProjects\2026S-DS\results\sim4da-firework-20260531-110613\run91-n1024.log
92,1024,3,ok,16,528,1.202,18.819,182.275,0.453,2118,C:\Users\valen\IdeaProjects\2026S-DS\results\sim4da-firework-20260531-110613\run92-n1024.log
93,1024,4,ok,16,527,1.263,15.855,138.396,0.36,2119,C:\Users\valen\IdeaProjects\2026S-DS\results\sim4da-firework-20260531-110613\run93-n1024.log
94,1024,5,ok,16,527,1.349,19.016,155.876,0.39,2120,C:\Users\valen\IdeaProjects\2026S-DS\results\sim4da-firework-20260531-110613\run94-n1024.log
95,1024,6,ok,16,526,1.312,15.892,143.898,0.36,2121,C:\Users\valen\IdeaProjects\2026S-DS\results\sim4da-firework-20260531-110613\run95-n1024.log
96,1024,7,ok,16,527,1.144,16.556,160.518,0.359,2122,C:\Users\valen\IdeaProjects\2026S-DS\results\sim4da-firework-20260531-110613\run96-n1024.log
97,1024,8,ok,16,527,1.306,16.598,141.943,0.36,2123,C:\Users\valen\IdeaProjects\2026S-DS\results\sim4da-firework-20260531-110613\run97-n1024.log
98,1024,9,ok,16,526,1.294,15.902,128.626,0.343,2124,C:\Users\valen\IdeaProjects\2026S-DS\results\sim4da-firework-20260531-110613\run98-n1024.log
99,1024,10,ok,16,525,1.168,16.895,145.768,0.375,2125,C:\Users\valen\IdeaProjects\2026S-DS\results\sim4da-firework-20260531-110613\run99-n1024.log
100,2048,1,ok,16,1115,2.013,46.659,291.487,0.86,2126,C:\Users\valen\IdeaProjects\2026S-DS\results\sim4da-firework-20260531-110613\run100-n2048.log
101,2048,2,ok,16,1116,2.07,48.625,270.0,0.89,2127,C:\Users\valen\IdeaProjects\2026S-DS\results\sim4da-firework-20260531-110613\run101-n2048.log
102,2048,3,ok,16,1118,1.985,42.213,252.453,0.782,2128,C:\Users\valen\IdeaProjects\2026S-DS\results\sim4da-firework-20260531-110613\run102-n2048.log
103,2048,4,ok,16,1118,2.063,42.065,246.548,0.781,2129,C:\Users\valen\IdeaProjects\2026S-DS\results\sim4da-firework-20260531-110613\run103-n2048.log
104,2048,5,ok,16,1121,1.937,49.52,280.8,0.906,2130,C:\Users\valen\IdeaProjects\2026S-DS\results\sim4da-firework-20260531-110613\run104-n2048.log
105,2048,6,ok,16,1122,2.066,46.798,258.103,0.844,2131,C:\Users\valen\IdeaProjects\2026S-DS\results\sim4da-firework-20260531-110613\run105-n2048.log
106,2048,7,ok,16,1123,2.05,43.043,234.387,0.797,2132,C:\Users\valen\IdeaProjects\2026S-DS\results\sim4da-firework-20260531-110613\run106-n2048.log
107,2048,8,ok,16,1125,2.194,45.167,272.453,0.828,2133,C:\Users\valen\IdeaProjects\2026S-DS\results\sim4da-firework-20260531-110613\run107-n2048.log
108,2048,9,ok,16,1125,2.468,78.92,469.299,1.375,2134,C:\Users\valen\IdeaProjects\2026S-DS\results\sim4da-firework-20260531-110613\run108-n2048.log
109,2048,10,ok,16,1126,2.968,48.317,294.594,0.922,2135,C:\Users\valen\IdeaProjects\2026S-DS\results\sim4da-firework-20260531-110613\run109-n2048.log
110,4096,1,ok,16,3645,4.573,408.757,2606.454,6.656,2136,C:\Users\valen\IdeaProjects\2026S-DS\results\sim4da-firework-20260531-110613\run110-n4096.log
111,4096,2,ok,16,3648,5.693,316.794,2300.946,5.203,2137,C:\Users\valen\IdeaProjects\2026S-DS\results\sim4da-firework-20260531-110613\run111-n4096.log
112,4096,3,ok,16,3649,4.731,452.05,3328.137,7.344,2138,C:\Users\valen\IdeaProjects\2026S-DS\results\sim4da-firework-20260531-110613\run112-n4096.log
113,4096,4,ok,16,3650,5.037,401.259,2581.73,6.547,2139,C:\Users\valen\IdeaProjects\2026S-DS\results\sim4da-firework-20260531-110613\run113-n4096.log
114,4096,5,ok,16,3651,6.589,367.203,2331.647,6.0,2140,C:\Users\valen\IdeaProjects\2026S-DS\results\sim4da-firework-20260531-110613\run114-n4096.log
115,4096,6,ok,16,3651,5.64,416.708,2555.602,6.797,2141,C:\Users\valen\IdeaProjects\2026S-DS\results\sim4da-firework-20260531-110613\run115-n4096.log
116,4096,7,ok,16,3652,4.45,454.859,3002.183,7.421,2142,C:\Users\valen\IdeaProjects\2026S-DS\results\sim4da-firework-20260531-110613\run116-n4096.log
117,4096,8,ok,16,3653,5.816,371.257,2638.46,6.063,2143,C:\Users\valen\IdeaProjects\2026S-DS\results\sim4da-firework-20260531-110613\run117-n4096.log
118,4096,9,ok,16,3653,4.45,471.733,2999.325,7.672,2144,C:\Users\valen\IdeaProjects\2026S-DS\results\sim4da-firework-20260531-110613\run118-n4096.log
119,4096,10,ok,16,3655,4.388,398.266,2442.651,6.5,2145,C:\Users\valen\IdeaProjects\2026S-DS\results\sim4da-firework-20260531-110613\run119-n4096.log
120,8192,1,ok,17,8124,9.078,1902.879,15793.487,32.484,2146,C:\Users\valen\IdeaProjects\2026S-DS\results\sim4da-firework-20260531-110613\run120-n8192.log
121,8192,2,ok,17,8125,10.971,1750.935,12591.445,29.906,2147,C:\Users\valen\IdeaProjects\2026S-DS\results\sim4da-firework-20260531-110613\run121-n8192.log
122,8192,3,ok,17,8126,10.949,1679.046,14722.353,28.688,2148,C:\Users\valen\IdeaProjects\2026S-DS\results\sim4da-firework-20260531-110613\run122-n8192.log
123,8192,4,ok,17,8127,10.385,1702.616,13938.882,29.094,2149,C:\Users\valen\IdeaProjects\2026S-DS\results\sim4da-firework-20260531-110613\run123-n8192.log
124,8192,5,ok,17,8128,11.031,1626.6,13275.475,27.781,2150,C:\Users\valen\IdeaProjects\2026S-DS\results\sim4da-firework-20260531-110613\run124-n8192.log
125,8192,6,ok,17,8129,9.16,1791.511,15255.54,30.609,2151,C:\Users\valen\IdeaProjects\2026S-DS\results\sim4da-firework-20260531-110613\run125-n8192.log
126,8192,7,ok,17,8131,8.753,1815.106,15293.512,31.0,2152,C:\Users\valen\IdeaProjects\2026S-DS\results\sim4da-firework-20260531-110613\run126-n8192.log
127,8192,8,ok,17,8132,10.578,1545.937,12630.77,26.407,2153,C:\Users\valen\IdeaProjects\2026S-DS\results\sim4da-firework-20260531-110613\run127-n8192.log
128,8192,9,ok,17,8134,10.81,1777.354,15875.662,30.344,2154,C:\Users\valen\IdeaProjects\2026S-DS\results\sim4da-firework-20260531-110613\run128-n8192.log
129,8192,10,ok,17,8136,9.098,1791.067,14778.691,30.594,2155,C:\Users\valen\IdeaProjects\2026S-DS\results\sim4da-firework-20260531-110613\run129-n8192.log
130,16384,1,timeout,,,,,,120.031,2156,C:\Users\valen\IdeaProjects\2026S-DS\results\sim4da-firework-20260531-110613\run130-n16384.log
131,16384,2,exit_1,,,,,,21.219,2157,C:\Users\valen\IdeaProjects\2026S-DS\results\sim4da-firework-20260531-110613\run131-n16384.log
132,16384,3,timeout,,,,,,120.031,2158,C:\Users\valen\IdeaProjects\2026S-DS\results\sim4da-firework-20260531-110613\run132-n16384.log
133,16384,4,timeout,,,,,,120.047,2159,C:\Users\valen\IdeaProjects\2026S-DS\results\sim4da-firework-20260531-110613\run133-n16384.log
134,16384,5,timeout,,,,,,120.031,2160,C:\Users\valen\IdeaProjects\2026S-DS\results\sim4da-firework-20260531-110613\run134-n16384.log
135,16384,6,timeout,,,,,,120.047,2161,C:\Users\valen\IdeaProjects\2026S-DS\results\sim4da-firework-20260531-110613\run135-n16384.log
136,16384,7,timeout,,,,,,120.031,2162,C:\Users\valen\IdeaProjects\2026S-DS\results\sim4da-firework-20260531-110613\run136-n16384.log
137,16384,8,exit_1,,,,,,100.281,2163,C:\Users\valen\IdeaProjects\2026S-DS\results\sim4da-firework-20260531-110613\run137-n16384.log
138,16384,9,timeout,,,,,,120.032,2164,C:\Users\valen\IdeaProjects\2026S-DS\results\sim4da-firework-20260531-110613\run138-n16384.log
139,16384,10,timeout,,,,,,120.031,2165,C:\Users\valen\IdeaProjects\2026S-DS\results\sim4da-firework-20260531-110613\run139-n16384.log
