runIndex,n,repetition,status,rounds,multicasts,minMs,avgMs,maxMs,consistencyWarnings,durationSeconds,seed
0,2,1,ok,6,4,0.121,2.261,12.895,0,0.109,1692142738353318404
1,2,2,ok,6,5,0.113,2.36,13.294,0,0.094,5795943011054260214
2,2,3,ok,4,1,0.103,3.467,13.513,0,0.109,3992792658387729121
3,2,4,ok,6,2,0.092,2.332,13.44,0,0.094,3562582428821208595
4,2,5,ok,6,3,0.096,2.151,12.349,0,0.094,2961175476028832718
5,2,6,ok,5,2,0.086,2.697,13.056,0,0.109,2702064369248688679
6,2,7,ok,3,0,0.093,2.078,6.038,0,0.078,8980468729547342582
7,2,8,ok,6,2,0.094,2.119,12.2,0,0.109,5196135521077442976
8,2,9,ok,3,0,0.096,2.284,6.644,0,0.094,6384172172575003254
9,2,10,ok,7,4,0.109,2.04,13.432,0,0.11,5170068259463782689
10,4,1,ok,5,4,0.179,2.853,13.401,0,0.093,3489557770130321136
11,4,2,ok,6,5,0.183,2.311,12.782,0,0.094,7841150922888216024
12,4,3,ok,4,1,0.187,3.356,12.828,0,0.109,6915435648681392068
13,4,4,ok,5,5,0.181,2.425,11.108,0,0.094,590740202241799790
14,4,5,ok,6,4,0.178,2.097,11.582,0,0.078,2726374451535913555
15,4,6,ok,6,4,0.185,2.143,11.675,0,0.094,960782056833376522
16,4,7,ok,5,5,0.193,2.602,12.138,0,0.094,358842416578755614
17,4,8,ok,6,4,0.174,2.022,11.167,0,0.078,8768162113132475150
18,4,9,ok,7,5,0.17,1.78,11.3,0,0.094,3027956386195688491
19,4,10,ok,6,5,0.179,2.23,12.275,0,0.093,6450256763412466734
20,8,1,ok,9,12,0.399,2.016,14.188,0,0.11,3842489843734226517
21,8,2,ok,6,8,0.372,2.744,14.346,0,0.094,3745598865981948011
22,8,3,ok,9,10,0.345,1.989,14.578,0,0.093,6019981235401423124
23,8,4,ok,6,8,0.379,2.555,13.217,0,0.094,5813277348740988507
24,8,5,ok,7,6,0.348,2.156,12.705,0,0.109,7869223670725487259
25,8,6,ok,7,6,0.355,2.153,12.462,0,0.079,3757438715503964469
26,8,7,ok,12,9,0.37,1.443,12.323,0,0.093,8443665172628983372
27,8,8,ok,6,9,0.392,2.511,12.861,0,0.094,8021774983954470927
28,8,9,ok,5,8,0.379,2.902,12.567,0,0.094,4608181738605778765
29,8,10,ok,6,9,0.373,2.499,12.929,0,0.094,5782812464814873572
30,16,1,ok,6,10,0.792,2.941,13.29,0,0.093,6340104050368635030
31,16,2,ok,9,20,0.622,2.273,13.718,0,0.094,8720170147933547617
32,16,3,ok,8,19,0.817,2.421,12.969,0,0.109,8224082419862285265
33,16,4,ok,7,14,0.706,2.724,13.84,0,0.094,1712069354056449493
34,16,5,ok,10,14,0.774,2.043,12.425,0,0.094,2242863586231437268
35,16,6,ok,7,13,0.599,2.644,13.564,0,0.094,8932940964587477423
36,16,7,ok,10,18,0.728,2.228,13.817,0,0.109,7470346982219411217
37,16,8,ok,8,16,0.668,2.378,13.546,0,0.094,6654962158921661042
38,16,9,ok,10,17,0.562,2.053,13.715,0,0.094,8871567796391050822
39,16,10,ok,6,11,0.793,3.088,14.202,0,0.093,8410217898925454016
40,32,1,ok,11,32,1.072,3.05,16.93,0,0.11,5205115598950621576
41,32,2,ok,10,32,1.022,2.971,15.54,0,0.109,2015985436035573778
42,32,3,ok,8,27,1.509,3.598,15.672,0,0.109,4120267330248115427
43,32,4,ok,10,31,0.888,2.899,16.673,0,0.11,7520508574628534110
44,32,5,ok,9,38,0.992,3.489,16.319,0,0.109,6342286147165213110
45,32,6,ok,11,35,0.881,2.934,16.41,0,0.11,2034191493941939313
46,32,7,ok,10,32,0.895,2.844,16.369,0,0.093,3072033160867023997
47,32,8,ok,8,30,1.204,3.631,16.13,0,0.11,1470603809142626019
48,32,9,ok,7,33,1.3,4.058,17.272,0,0.109,1264854669602227049
49,32,10,ok,9,33,1.081,3.376,15.735,0,0.109,2874577507465727753
50,64,1,ok,9,72,0.748,4.87,26.551,0,0.125,7125671507488268810
51,64,2,ok,9,64,0.718,4.767,26.258,0,0.11,6633716459001872720
52,64,3,ok,8,64,1.025,5.327,25.145,0,0.125,8511735994991740422
53,64,4,ok,7,62,1.154,6.321,25.749,0,0.125,193655345996650440
54,64,5,ok,8,78,0.846,5.441,28.251,0,0.125,7401248765732101107
55,64,6,ok,7,63,1.055,6.401,23.894,0,0.125,4689892338052653407
56,64,7,ok,9,69,0.757,4.06,22.333,0,0.109,1114661823526702121
57,64,8,ok,9,54,0.996,4.957,26.281,0,0.125,1352349664819547808
58,64,9,ok,11,62,0.822,4.176,25.226,0,0.125,4847172735123797182
59,64,10,ok,10,55,0.902,4.597,25.777,0,0.125,2086652700765890979
60,128,1,ok,12,131,0.808,5.796,44.078,0,0.156,4578180875177045969
61,128,2,ok,9,123,0.532,6.856,43.619,0,0.141,6255791751783180914
62,128,3,ok,12,142,0.463,5.513,44.589,0,0.141,7973582246875216710
63,128,4,ok,10,112,0.658,6.143,41.997,0,0.14,3301900727209913965
64,128,5,ok,9,127,0.646,7.205,44.5,0,0.141,6016558238858178340
65,128,6,ok,10,124,0.558,6.977,48.223,0,0.156,4132592540033031030
66,128,7,ok,12,150,0.516,5.694,45.807,0,0.156,4765364607909733847
67,128,8,ok,11,132,0.586,5.927,44.835,0,0.141,6024663153732673354
68,128,9,ok,11,129,0.47,5.9,42.471,0,0.141,2658618705626116072
69,128,10,ok,10,144,0.46,6.773,46.229,0,0.14,2625481267580620485
70,256,1,ok,13,245,0.539,7.635,70.778,0,0.172,1744345799205998413
71,256,2,ok,10,247,0.66,10.522,72.973,0,0.187,520436444807739648
72,256,3,ok,11,262,0.536,9.27,79.16,0,0.187,334191823883843991
73,256,4,ok,11,276,0.606,8.744,72.411,0,0.188,7659732841650028724
74,256,5,ok,11,248,0.602,9.629,79.744,0,0.187,7470016679369255406
75,256,6,ok,12,262,0.51,8.185,72.923,0,0.188,8107662325536830099
76,256,7,ok,13,262,0.557,8.017,78.711,0,0.187,8375919134922111734
77,256,8,ok,14,261,0.586,8.231,84.154,0,0.204,3911399038350807308
78,256,9,ok,12,245,0.683,8.69,78.231,0,0.187,4739190036102550526
79,256,10,ok,11,261,0.51,10.764,78.972,0,0.203,8929717966087890418
80,512,1,ok,12,506,0.965,14.205,123.46,0,0.266,7270396837054348246
81,512,2,ok,13,525,1.034,13.077,114.824,0,0.265,4984258709130948055
82,512,3,ok,12,517,1.032,16.923,151.008,0,0.297,3905120542235250196
83,512,4,ok,12,509,1.106,16.368,142.567,0,0.282,2031680673497390482
84,512,5,ok,12,531,0.97,16.364,137.072,0,0.281,6426324905632571715
85,512,6,ok,16,486,1.003,12.626,139.746,0,0.297,5622259586610597393
86,512,7,ok,12,496,1.102,15.417,121.181,0,0.281,1377960913001740218
87,512,8,ok,14,492,0.954,12.923,129.468,0,0.266,1621039132307380459
88,512,9,ok,12,526,1.041,16.314,145.356,0,0.296,5679093507516808981
89,512,10,ok,12,534,0.981,13.697,114.695,0,0.25,366411503286970831
90,1024,1,ok,13,1030,2.115,33.199,256.403,0,0.547,2577045656484769813
91,1024,2,ok,13,1034,1.368,32.406,245.871,0,0.532,913508253720323514
92,1024,3,ok,15,1024,1.127,28.887,233.773,0,0.531,2761746074972484813
93,1024,4,ok,14,1042,1.288,29.87,245.661,0,0.531,5319123786986953943
94,1024,5,ok,15,1038,1.088,29.856,277.419,0,0.563,5335558460452064294
95,1024,6,ok,13,1036,1.41,36.424,291.587,0,0.578,2007094820313113714
96,1024,7,ok,13,1022,1.975,30.246,240.627,0,0.5,6678943749365507566
97,1024,8,ok,14,1016,1.709,28.998,232.32,0,0.515,9128499918332848873
98,1024,9,ok,14,1012,1.129,27.997,221.235,0,0.516,7485791628016669970
99,1024,10,ok,16,1039,1.164,31.111,304.981,0,0.609,6774865464976505435
